elapsed_s,timestamp,cpu_usage,ram_usage,mode,fps_instant,fps_rolling
0.00,2026-08-03T09:28:02,26.5,75.9,NORMAL,2.2,2.2
1.28,2026-08-03T09:28:03,45.7,76.6,NORMAL,8.6,5.8
2.45,2026-08-03T09:28:04,45.7,76.6,NORMAL,8.5,6.6
3.63,2026-08-03T09:28:06,31.8,76.7,TURBO,7.8,6.9
4.80,2026-08-03T09:28:07,31.8,76.7,TURBO,7.8,7.1
5.97,2026-08-03T09:28:08,36.5,76.8,TURBO,7.7,7.2
7.14,2026-08-03T09:28:09,30.8,76.8,TURBO,7.5,7.3
8.32,2026-08-03T09:28:10,30.8,76.8,TURBO,7.6,7.3
9.49,2026-08-03T09:28:11,29.0,76.7,TURBO,7.6,7.8
10.66,2026-08-03T09:28:13,29.0,76.7,TURBO,7.5,7.7
11.83,2026-08-03T09:28:14,38.7,76.7,TURBO,7.6,7.7
13.00,2026-08-03T09:28:15,38.7,76.7,TURBO,7.8,7.7
14.17,2026-08-03T09:28:16,42.0,76.7,TURBO,7.7,7.6
15.34,2026-08-03T09:28:17,40.4,76.7,TURBO,7.7,7.6
16.52,2026-08-03T09:28:19,40.4,76.7,TURBO,4.9,7.5
17.68,2026-08-03T09:28:20,57.4,77.0,TURBO,7.5,7.5
18.85,2026-08-03T09:28:21,57.4,77.0,TURBO,7.4,7.5
20.02,2026-08-03T09:28:22,39.8,77.0,TURBO,7.5,7.5
21.20,2026-08-03T09:28:23,39.8,77.0,TURBO,7.7,7.5
22.36,2026-08-03T09:28:24,35.1,76.8,TURBO,7.7,7.5
23.54,2026-08-03T09:28:26,36.2,76.8,TURBO,7.7,7.5
24.71,2026-08-03T09:28:27,36.2,76.8,TURBO,7.7,7.5
25.88,2026-08-03T09:28:28,35.7,76.8,TURBO,7.6,7.6
27.05,2026-08-03T09:28:29,35.7,76.8,TURBO,7.3,7.6
28.23,2026-08-03T09:28:30,54.8,76.8,TURBO,7.7,7.6
29.39,2026-08-03T09:28:31,54.8,76.8,TURBO,7.7,7.6
30.56,2026-08-03T09:28:33,36.2,76.8,TURBO,7.9,7.6
31.74,2026-08-03T09:28:34,36.2,76.8,TURBO,7.7,7.7
32.91,2026-08-03T09:28:35,37.5,76.7,TURBO,7.4,7.7
34.08,2026-08-03T09:28:36,37.5,76.7,TURBO,7.8,7.7
35.25,2026-08-03T09:28:37,37.8,76.7,TURBO,7.9,7.7
36.42,2026-08-03T09:28:38,35.7,76.8,TURBO,7.6,7.7
37.59,2026-08-03T09:28:40,35.7,76.8,TURBO,7.6,7.7
38.76,2026-08-03T09:28:41,35.7,76.8,TURBO,7.8,7.7
39.93,2026-08-03T09:28:42,39.0,76.8,TURBO,7.4,7.7
41.10,2026-08-03T09:28:43,31.0,76.8,TURBO,7.7,7.7
42.28,2026-08-03T09:28:44,31.0,76.8,TURBO,7.6,7.7
43.45,2026-08-03T09:28:45,33.2,76.8,TURBO,7.7,7.7
44.62,2026-08-03T09:28:47,33.2,76.8,TURBO,7.8,7.7
45.79,2026-08-03T09:28:48,42.7,76.8,TURBO,7.8,7.7
46.96,2026-08-03T09:28:49,42.7,76.8,TURBO,7.3,7.7
48.20,2026-08-03T09:28:50,44.9,76.9,TURBO,7.7,7.4
49.30,2026-08-03T09:28:51,44.9,76.9,TURBO,7.8,7.4
50.47,2026-08-03T09:28:52,34.5,77.0,TURBO,7.5,7.4
51.65,2026-08-03T09:28:54,34.5,77.0,TURBO,7.7,7.4
52.82,2026-08-03T09:28:55,31.5,76.8,TURBO,7.6,7.4
53.98,2026-08-03T09:28:56,31.5,76.8,TURBO,7.8,7.4
55.16,2026-08-03T09:28:57,37.2,76.8,TURBO,7.8,7.4
56.33,2026-08-03T09:28:58,42.1,76.8,TURBO,7.6,7.6
57.50,2026-08-03T09:28:59,42.1,76.8,TURBO,7.6,7.7
58.67,2026-08-03T09:29:01,37.9,76.8,TURBO,7.6,7.7
59.84,2026-08-03T09:29:02,37.9,76.8,TURBO,7.5,7.7
61.01,2026-08-03T09:29:03,32.0,76.8,TURBO,7.8,7.7
62.18,2026-08-03T09:29:04,32.0,76.8,TURBO,7.8,7.7
63.36,2026-08-03T09:29:06,33.2,76.8,TURBO,2.8,7.3
64.54,2026-08-03T09:29:07,33.2,76.8,TURBO,3.2,6.4
65.57,2026-08-03T09:29:08,100.0,77.0,TURBO,3.7,5.8
66.61,2026-08-03T09:29:09,100.0,77.0,TURBO,3.8,5.6
67.67,2026-08-03T09:29:10,100.0,77.1,TURBO,5.0,5.2
68.67,2026-08-03T09:29:11,100.0,77.1,TURBO,5.1,5.0
69.72,2026-08-03T09:29:12,100.0,77.0,TURBO,3.3,4.6
70.95,2026-08-03T09:29:13,100.0,77.0,TURBO,4.8,4.3
72.06,2026-08-03T09:29:14,100.0,77.0,TURBO,3.4,3.9
73.30,2026-08-03T09:29:15,100.0,77.0,TURBO,5.4,4.1
74.34,2026-08-03T09:29:16,95.0,76.9,TURBO,3.4,4.2
75.36,2026-08-03T09:29:17,95.0,76.9,TURBO,3.6,3.9
76.42,2026-08-03T09:29:18,97.0,76.9,TURBO,7.4,4.1
77.69,2026-08-03T09:29:20,97.0,76.9,TURBO,3.4,3.9
78.73,2026-08-03T09:29:21,98.5,76.9,TURBO,3.3,4.0
80.04,2026-08-03T09:29:22,98.5,76.9,TURBO,2.9,4.0
81.15,2026-08-03T09:29:23,100.0,76.9,TURBO,5.6,4.2
82.35,2026-08-03T09:29:24,100.0,76.9,TURBO,5.1,4.0
83.47,2026-08-03T09:29:25,100.0,76.9,TURBO,5.2,4.1
84.71,2026-08-03T09:29:27,100.0,76.9,TURBO,3.3,4.0
85.78,2026-08-03T09:29:28,100.0,76.9,TURBO,4.3,4.0
86.94,2026-08-03T09:29:29,100.0,76.7,TURBO,4.5,4.1
88.26,2026-08-03T09:29:30,100.0,76.7,TURBO,3.0,4.1
89.27,2026-08-03T09:29:31,100.0,76.7,TURBO,3.8,4.0
90.47,2026-08-03T09:29:32,100.0,76.7,TURBO,3.5,4.2
91.79,2026-08-03T09:29:34,100.0,76.8,TURBO,5.2,4.0
93.06,2026-08-03T09:29:35,89.9,76.8,TURBO,3.2,4.2
94.35,2026-08-03T09:29:36,89.9,76.8,TURBO,4.9,4.2
95.36,2026-08-03T09:29:37,95.0,76.9,TURBO,3.7,4.2
96.45,2026-08-03T09:29:38,95.0,76.9,TURBO,3.1,3.9
97.52,2026-08-03T09:29:40,100.0,76.9,TURBO,3.7,4.1
98.78,2026-08-03T09:29:41,100.0,76.9,TURBO,3.1,3.9
99.81,2026-08-03T09:29:42,100.0,76.9,TURBO,5.8,4.1
100.98,2026-08-03T09:29:43,100.0,76.9,TURBO,4.2,4.1
102.14,2026-08-03T09:29:44,100.0,76.9,TURBO,4.5,4.1
103.37,2026-08-03T09:29:45,100.0,76.8,TURBO,5.3,4.1
104.52,2026-08-03T09:29:46,100.0,76.8,TURBO,7.5,4.2
105.77,2026-08-03T09:29:48,99.5,76.8,TURBO,3.2,4.2
106.77,2026-08-03T09:29:49,99.5,76.8,TURBO,6.2,4.3
107.99,2026-08-03T09:29:50,98.0,76.8,TURBO,5.8,4.4
109.10,2026-08-03T09:29:51,98.0,76.8,TURBO,3.8,4.3
110.16,2026-08-03T09:29:52,98.0,76.8,TURBO,3.8,4.3
111.21,2026-08-03T09:29:53,99.5,76.8,TURBO,3.6,4.2
112.49,2026-08-03T09:29:54,99.5,76.8,TURBO,3.7,4.2
113.57,2026-08-03T09:29:55,100.0,76.8,TURBO,7.3,4.1
114.83,2026-08-03T09:29:57,100.0,76.8,TURBO,4.8,4.3
115.95,2026-08-03T09:29:58,100.0,76.8,TURBO,6.9,4.3
117.20,2026-08-03T09:29:59,100.0,76.8,TURBO,5.6,4.3
118.24,2026-08-03T09:30:00,100.0,76.8,TURBO,3.6,4.3
119.51,2026-08-03T09:30:02,100.0,76.8,TURBO,3.6,4.3
