elapsed_s,timestamp,cpu_usage,ram_usage,mode,fps_instant,fps_rolling
0.00,2026-08-02T12:44:48,52.2,56.7,NORMAL,7.0,7.0
1.27,2026-08-02T12:44:49,39.4,57.7,NORMAL,8.5,8.5
2.45,2026-08-02T12:44:50,33.5,57.7,NORMAL,9.1,8.7
3.62,2026-08-02T12:44:51,33.5,57.7,NORMAL,9.0,8.8
4.72,2026-08-02T12:44:52,95.0,57.8,ECONOMY,7.7,7.5
5.98,2026-08-02T12:44:54,95.0,57.8,ECONOMY,15.4,8.0
7.18,2026-08-02T12:44:55,78.9,58.3,ECONOMY,9.2,8.3
8.26,2026-08-02T12:44:56,78.9,58.3,ECONOMY,14.8,8.7
9.28,2026-08-02T12:44:57,86.0,58.3,ECONOMY,9.2,8.6
10.36,2026-08-02T12:44:58,89.4,58.2,ECONOMY,8.6,8.7
11.49,2026-08-02T12:44:59,89.4,58.2,ECONOMY,9.3,8.7
12.70,2026-08-02T12:45:00,91.0,58.2,ECONOMY,9.5,9.4
13.85,2026-08-02T12:45:02,91.0,58.2,ECONOMY,14.2,10.2
15.11,2026-08-02T12:45:03,98.5,58.2,ECONOMY,9.0,9.7
16.16,2026-08-02T12:45:04,98.5,58.2,ECONOMY,8.2,9.8
17.18,2026-08-02T12:45:05,91.1,58.2,ECONOMY,17.0,9.4
18.32,2026-08-02T12:45:06,91.1,58.2,ECONOMY,6.4,9.7
19.45,2026-08-02T12:45:07,96.5,58.2,ECONOMY,7.4,9.8
20.63,2026-08-02T12:45:08,96.0,58.3,ECONOMY,15.3,9.8
21.79,2026-08-02T12:45:09,96.0,58.3,ECONOMY,7.5,9.7
22.95,2026-08-02T12:45:11,96.0,58.3,ECONOMY,13.2,9.8
24.09,2026-08-02T12:45:12,96.0,58.3,ECONOMY,15.5,10.3
25.29,2026-08-02T12:45:13,98.0,58.2,ECONOMY,7.7,10.3
26.41,2026-08-02T12:45:14,98.0,58.2,ECONOMY,7.0,10.2
27.60,2026-08-02T12:45:15,98.0,58.2,ECONOMY,12.8,10.4
28.96,2026-08-02T12:45:17,100.0,58.2,ECONOMY,6.9,10.0
30.26,2026-08-02T12:45:18,100.0,58.2,ECONOMY,6.1,10.1
31.39,2026-08-02T12:45:19,98.0,58.2,ECONOMY,9.2,9.9
32.61,2026-08-02T12:45:20,99.0,58.2,ECONOMY,6.6,9.6
33.96,2026-08-02T12:45:22,99.0,58.2,ECONOMY,9.6,9.2
35.01,2026-08-02T12:45:23,98.5,58.2,ECONOMY,16.8,9.4
36.09,2026-08-02T12:45:24,98.5,58.2,ECONOMY,9.1,9.4
37.25,2026-08-02T12:45:25,99.5,58.2,ECONOMY,13.8,9.8
38.42,2026-08-02T12:45:26,99.5,58.2,ECONOMY,8.0,10.0
39.70,2026-08-02T12:45:27,99.0,58.2,ECONOMY,15.4,10.4
40.81,2026-08-02T12:45:28,99.0,58.2,ECONOMY,11.2,10.0
41.97,2026-08-02T12:45:30,97.5,58.3,ECONOMY,8.6,10.3
43.18,2026-08-02T12:45:31,98.0,58.2,ECONOMY,15.1,10.6
44.25,2026-08-02T12:45:32,98.0,58.2,ECONOMY,17.7,11.1
45.50,2026-08-02T12:45:33,20.1,57.7,TURBO,7.8,11.1
46.67,2026-08-02T12:45:34,20.1,57.7,TURBO,7.8,10.2
47.84,2026-08-02T12:45:36,37.9,57.9,TURBO,7.8,9.8
49.01,2026-08-02T12:45:37,31.3,57.9,TURBO,7.9,9.5
50.18,2026-08-02T12:45:38,31.3,57.9,TURBO,7.9,9.0
51.35,2026-08-02T12:45:39,31.8,57.9,TURBO,7.9,8.8
52.52,2026-08-02T12:45:40,31.8,57.9,TURBO,7.8,8.5
53.70,2026-08-02T12:45:41,34.2,57.9,TURBO,7.8,7.8
54.87,2026-08-02T12:45:43,34.2,57.9,TURBO,7.7,7.8
56.04,2026-08-02T12:45:44,31.2,57.9,TURBO,7.9,7.8
57.21,2026-08-02T12:45:45,31.2,57.9,TURBO,7.9,7.9
58.38,2026-08-02T12:45:46,26.9,57.9,TURBO,7.9,7.9
59.55,2026-08-02T12:45:47,28.1,57.9,TURBO,7.9,7.9
60.72,2026-08-02T12:45:48,28.1,57.9,TURBO,7.8,7.9
61.89,2026-08-02T12:45:50,32.8,57.9,TURBO,7.9,7.9
63.06,2026-08-02T12:45:51,32.8,57.9,TURBO,7.8,7.9
64.23,2026-08-02T12:45:52,33.5,57.9,TURBO,7.9,7.9
65.40,2026-08-02T12:45:53,38.7,57.9,TURBO,7.9,7.9
66.57,2026-08-02T12:45:54,38.7,57.9,TURBO,7.9,7.9
67.74,2026-08-02T12:45:55,34.2,57.9,TURBO,7.8,7.9
68.92,2026-08-02T12:45:57,34.2,57.9,TURBO,7.9,7.9
70.09,2026-08-02T12:45:58,32.2,57.9,TURBO,7.8,7.9
71.26,2026-08-02T12:45:59,32.2,57.9,TURBO,7.8,7.9
72.43,2026-08-02T12:46:00,28.0,57.9,TURBO,7.8,7.9
73.61,2026-08-02T12:46:01,29.1,57.9,TURBO,7.9,7.9
74.77,2026-08-02T12:46:02,29.1,57.9,TURBO,7.8,7.9
75.94,2026-08-02T12:46:04,32.2,58.1,TURBO,8.0,7.9
77.12,2026-08-02T12:46:05,32.2,58.1,TURBO,7.9,7.9
78.29,2026-08-02T12:46:06,35.0,58.0,TURBO,7.7,7.8
79.46,2026-08-02T12:46:07,35.0,57.9,TURBO,7.9,7.9
80.63,2026-08-02T12:46:08,35.0,57.9,TURBO,7.7,7.8
81.80,2026-08-02T12:46:09,32.5,57.9,TURBO,7.9,7.8
82.98,2026-08-02T12:46:11,32.5,57.9,TURBO,7.7,7.8
84.14,2026-08-02T12:46:12,29.8,57.9,TURBO,7.8,7.8
85.31,2026-08-02T12:46:13,29.8,57.9,TURBO,7.7,7.8
86.48,2026-08-02T12:46:14,29.4,57.9,TURBO,7.8,7.8
87.65,2026-08-02T12:46:15,29.1,57.9,TURBO,7.8,7.8
88.82,2026-08-02T12:46:17,29.1,57.9,TURBO,7.8,7.8
90.00,2026-08-02T12:46:18,31.2,57.9,TURBO,7.9,7.8
91.17,2026-08-02T12:46:19,31.2,57.9,TURBO,7.9,7.8
92.36,2026-08-02T12:46:20,35.0,57.9,TURBO,7.8,7.8
93.51,2026-08-02T12:46:21,35.0,57.9,TURBO,7.8,7.8
94.68,2026-08-02T12:46:22,33.8,58.1,TURBO,7.6,7.8
95.85,2026-08-02T12:46:24,33.8,58.1,TURBO,7.8,7.8
97.02,2026-08-02T12:46:25,31.5,58.1,TURBO,7.9,7.8
98.19,2026-08-02T12:46:26,29.1,57.9,TURBO,7.8,7.8
99.36,2026-08-02T12:46:27,29.1,57.9,TURBO,7.8,7.8
100.53,2026-08-02T12:46:28,28.3,57.9,TURBO,7.8,7.8
101.71,2026-08-02T12:46:29,28.3,57.9,TURBO,7.8,7.8
102.87,2026-08-02T12:46:31,29.8,57.9,TURBO,7.9,7.8
104.04,2026-08-02T12:46:32,30.2,57.9,TURBO,7.9,7.9
105.22,2026-08-02T12:46:33,30.2,57.9,TURBO,7.7,7.8
106.39,2026-08-02T12:46:34,31.7,57.9,TURBO,7.9,7.8
107.56,2026-08-02T12:46:35,31.7,57.9,TURBO,8.0,7.9
108.73,2026-08-02T12:46:36,35.4,57.9,TURBO,7.8,7.8
109.90,2026-08-02T12:46:38,35.4,57.9,TURBO,7.8,7.8
111.10,2026-08-02T12:46:39,33.3,57.9,TURBO,7.3,7.7
112.26,2026-08-02T12:46:40,56.2,58.4,NORMAL,5.5,7.5
113.41,2026-08-02T12:46:41,56.2,58.4,NORMAL,8.8,7.5
114.69,2026-08-02T12:46:42,48.2,58.4,NORMAL,7.8,7.2
115.78,2026-08-02T12:46:44,48.2,58.4,NORMAL,5.7,7.2
116.95,2026-08-02T12:46:45,75.6,58.3,NORMAL,5.9,7.0
118.13,2026-08-02T12:46:46,78.7,58.6,NORMAL,8.0,6.9
119.29,2026-08-02T12:46:47,78.7,58.6,NORMAL,8.6,6.9
120.43,2026-08-02T12:46:48,92.5,58.6,ECONOMY,10.4,7.0
121.62,2026-08-02T12:46:49,92.5,58.6,ECONOMY,17.5,7.6
122.71,2026-08-02T12:46:50,27.5,58.8,ECONOMY,10.0,8.1
123.91,2026-08-02T12:46:52,27.5,58.8,ECONOMY,12.3,8.8
125.06,2026-08-02T12:46:53,74.5,58.8,ECONOMY,17.8,9.9
126.27,2026-08-02T12:46:54,82.2,58.7,ECONOMY,17.2,10.5
127.43,2026-08-02T12:46:55,82.2,58.7,ECONOMY,14.1,11.7
128.69,2026-08-02T12:46:56,61.6,58.8,NORMAL,5.0,12.1
129.80,2026-08-02T12:46:57,61.6,58.8,NORMAL,7.9,11.3
130.98,2026-08-02T12:46:59,71.0,59.0,NORMAL,8.4,10.6
132.14,2026-08-02T12:47:00,47.2,58.9,NORMAL,8.9,9.9
133.31,2026-08-02T12:47:01,47.2,58.9,NORMAL,8.7,9.3
134.52,2026-08-02T12:47:02,56.8,58.8,NORMAL,8.3,8.8
135.68,2026-08-02T12:47:03,56.8,58.8,NORMAL,7.4,8.1
136.78,2026-08-02T12:47:04,83.1,58.9,ECONOMY,9.8,7.9
137.97,2026-08-02T12:47:06,83.1,58.9,ECONOMY,10.9,8.4
139.14,2026-08-02T12:47:07,78.1,58.9,ECONOMY,17.6,8.8
140.30,2026-08-02T12:47:08,62.2,59.1,ECONOMY,11.7,9.2
141.46,2026-08-02T12:47:09,62.2,59.1,ECONOMY,17.7,9.6
142.70,2026-08-02T12:47:10,53.2,59.1,NORMAL,5.7,9.8
143.90,2026-08-02T12:47:12,53.2,59.1,NORMAL,8.9,9.8
145.05,2026-08-02T12:47:13,56.4,59.1,NORMAL,5.8,9.7
146.19,2026-08-02T12:47:14,29.8,58.9,NORMAL,8.4,9.4
147.36,2026-08-02T12:47:15,29.8,58.9,NORMAL,8.4,9.1
148.59,2026-08-02T12:47:16,56.8,59.0,NORMAL,8.8,8.5
149.70,2026-08-02T12:47:17,56.8,59.0,NORMAL,8.6,8.2
150.88,2026-08-02T12:47:19,58.0,58.7,NORMAL,8.7,7.7
152.05,2026-08-02T12:47:20,58.0,58.7,NORMAL,8.6,8.0
153.23,2026-08-02T12:47:21,30.7,58.8,TURBO,7.8,8.0
154.40,2026-08-02T12:47:22,28.9,58.7,TURBO,7.8,8.0
155.57,2026-08-02T12:47:23,28.9,58.7,TURBO,7.8,8.0
156.75,2026-08-02T12:47:24,30.3,58.7,TURBO,5.4,7.8
157.94,2026-08-02T12:47:26,30.3,58.7,TURBO,5.1,7.5
159.11,2026-08-02T12:47:27,75.9,59.0,NORMAL,6.3,7.4
160.25,2026-08-02T12:47:28,33.7,58.9,NORMAL,8.6,7.4
161.42,2026-08-02T12:47:29,33.7,58.9,NORMAL,7.9,7.3
162.59,2026-08-02T12:47:30,31.2,59.1,NORMAL,8.9,7.5
163.75,2026-08-02T12:47:31,31.2,59.1,NORMAL,9.0,7.6
164.94,2026-08-02T12:47:33,36.3,58.9,TURBO,7.8,7.7
166.11,2026-08-02T12:47:34,36.3,58.9,TURBO,7.9,8.0
167.28,2026-08-02T12:47:35,30.5,58.8,TURBO,7.9,8.1
168.45,2026-08-02T12:47:36,30.5,58.8,TURBO,7.8,8.2
169.66,2026-08-02T12:47:37,27.5,58.7,TURBO,7.8,8.1
170.80,2026-08-02T12:47:38,29.0,58.8,TURBO,7.8,8.0
171.97,2026-08-02T12:47:40,29.0,58.8,TURBO,7.7,7.8
173.14,2026-08-02T12:47:41,44.8,58.8,TURBO,7.9,7.7
174.31,2026-08-02T12:47:42,44.8,58.8,TURBO,7.9,7.7
175.48,2026-08-02T12:47:43,33.3,58.8,TURBO,7.7,7.7
176.65,2026-08-02T12:47:44,34.5,58.8,TURBO,7.9,7.7
177.82,2026-08-02T12:47:46,34.5,58.8,TURBO,7.8,7.7
178.99,2026-08-02T12:47:47,34.5,58.8,TURBO,7.9,7.8
